ID,型号,品牌,所在地,类别,市场层级,价格状态,价格说明,官网,采购动作,核验备注,来源ID
franka-panda,Franka Emika Panda,Franka Robotics,德国/组合方案,机械臂,市场初筛,供货状态待确认,价格不公开/需确认可供货,https://franka.de/,先确认是否仍可供货，再索取配置报价,Franka 当前官网主推 Research 3；Panda 作为历史科研生态型号可确认，但新采购需确认可供货、维保和替代型号。,SRC044;SRCV9004
elite-ec612,Elite Robots EC612,艾利特机器人,苏州,机械臂,重点候选,厂商正式报价项,厂商正式报价,https://www.elibot.cn/,索取教育/科研正式报价、交付周期、维保和培训条款,Elite Robots EC 系列型号和负载分档已由产品资料确认；部分 reach 需型号页规格书复核。,SRC026;SRCV5004
elite-ec616,Elite Robots EC616,艾利特机器人,苏州,机械臂,重点候选,厂商正式报价项,厂商正式报价,https://www.elibot.cn/,索取教育/科研正式报价、交付周期、维保和培训条款,Elite Robots EC 系列型号和负载分档已由产品资料确认；部分 reach 需型号页规格书复核。,SRC026;SRCV5004
elite-ec63,Elite Robots EC63,艾利特机器人,苏州,机械臂,重点候选,厂商正式报价项,厂商正式报价,https://www.elibot.cn/,索取教育/科研正式报价、交付周期、维保和培训条款,Elite Robots EC 系列型号和负载分档已由产品资料确认；部分 reach 需型号页规格书复核。,SRC026;SRCV5004
aubo-i10,AUBO i10,遨博,北京,机械臂,重点候选,厂商正式报价项,厂商正式报价,https://www.aubo-robotics.cn/,索取教育/科研正式报价、交付周期、维保和培训条款,AUBO 官方产品资料确认 i 系列负载分档、开放 SDK 和 ROS 集成口径；部分型号臂展需规格书细化。,SRC025;SRCV5002
aubo-i12,AUBO i12,遨博,北京,机械臂,重点候选,厂商正式报价项,厂商正式报价,https://www.aubo-robotics.cn/,索取教育/科研正式报价、交付周期、维保和培训条款,AUBO 官方产品资料确认 i 系列负载分档、开放 SDK 和 ROS 集成口径；部分型号臂展需规格书细化。,SRC025;SRCV5002
aubo-i3,AUBO i3,遨博,北京,机械臂,重点候选,厂商正式报价项,厂商正式报价,https://www.aubo-robotics.cn/,索取教育/科研正式报价、交付周期、维保和培训条款,AUBO 官方产品资料确认 i 系列负载分档、开放 SDK 和 ROS 集成口径；部分型号臂展需规格书细化。,SRC025;SRCV5002
aubo-i7,AUBO i7,遨博,北京,机械臂,重点候选,厂商正式报价项,厂商正式报价,https://www.aubo-cobot.com/products/aubo-i7,索取教育/科研正式报价、交付周期、维保和培训条款,AUBO 官方产品页确认 i7 型号、7 kg 负载、约 917 mm 工作半径、±0.02 mm 重复定位精度和软件生态；价格需厂商正式报价。,SRC025;SRCV9001
techman-tm12,Techman TM12,达明机器人,中国台湾,机械臂,重点候选,厂商正式报价项,厂商正式报价,https://www.tm-robot.com/en/products/tm12/,索取教育/科研正式报价、交付周期、维保和培训条款,Techman 官方规格资料确认 TM5/TM12 负载、臂展、TMflow、SDK 与 ROS 驱动口径。,SRCV3022;SRCV4001;SRCV7005
techman-tm5-700,Techman TM5-700,达明机器人,中国台湾,机械臂,重点候选,厂商正式报价项,厂商正式报价,https://www.tm-robot.com/en/products/tm5-700/,索取教育/科研正式报价、交付周期、维保和培训条款,Techman 官方规格资料确认 TM5/TM12 负载、臂展、TMflow、SDK 与 ROS 驱动口径。,SRCV3021;SRCV4001;SRCV7005
mycobot-pro-600,myCobot Pro 600,大象机器人,深圳,机械臂,重点候选,厂商正式报价项,厂商正式报价,https://www.elephantrobotics.com/en/mycobot-pro-600-en/,索取教育/科研正式报价、交付周期、维保和培训条款,Elephant Robotics 官方产品页确认 myCobot Pro 600 为 6 自由度、600 mm 工作半径、2 kg 级负载的教学/轻协作平台，并提供 ROS/MoveIt/Python/C++ 等开发资源；价格需按版本确认。,SRC030;SRCV9002
hans-elfin-e5,Han's Robot Elfin E5,大族机器人,深圳,机械臂,重点候选,厂商正式报价项,厂商正式报价,https://www.hansrobot.net/products/elfin-collaborative-robot.html,索取教育/科研正式报价、交付周期、维保和培训条款,Han's Robot 官方 Elfin 系列资料确认 E5 为 5 kg 级、约 800 mm 工作半径的 6 轴协作臂；价格和教育采购需厂商正式报价。,SRCV3024;SRCV9005
jaka-mini,JAKA MiniCobo,节卡机器人,上海,机械臂,重点候选,厂商正式报价项,厂商正式报价,https://www.jaka.com.cn/,索取教育/科研正式报价、交付周期、维保和培训条款,JAKA Zu 系列型号与负载分档已由产品资料确认；臂展和重复精度需按具体规格书复核。,SRC027;SRCV5003
jaka-zu12,JAKA Zu 12,节卡机器人,上海,机械臂,重点候选,厂商正式报价项,厂商正式报价,https://www.jaka.com.cn/,索取教育/科研正式报价、交付周期、维保和培训条款,JAKA Zu 系列型号与负载分档已由产品资料确认；臂展和重复精度需按具体规格书复核。,SRC027;SRCV5003
jaka-zu18,JAKA Zu 18,节卡机器人,上海,机械臂,重点候选,厂商正式报价项,厂商正式报价,https://www.jaka.com.cn/,索取教育/科研正式报价、交付周期、维保和培训条款,JAKA Zu 系列型号与负载分档已由产品资料确认；臂展和重复精度需按具体规格书复核。,SRC027;SRCV5003
jaka-zu3,JAKA Zu 3,节卡机器人,上海,机械臂,重点候选,厂商正式报价项,厂商正式报价,https://www.jaka.com.cn/,索取教育/科研正式报价、交付周期、维保和培训条款,JAKA Zu 系列型号与负载分档已由产品资料确认；臂展和重复精度需按具体规格书复核。,SRC027;SRCV5003
rokae-xmate-cr7,ROKAE xMate CR7,珞石机器人,北京,机械臂,重点候选,厂商正式报价项,厂商正式报价,https://www.rokae.com/en/collaborative-robots,索取教育/科研正式报价、交付周期、维保和培训条款,ROKAE 官方协作机器人资料确认 xMate CR7 为 7 kg 级协作臂产品线，支持柔性拖动、力控和工业协作应用；详细规格和价格需厂商确认。,SRCV3023;SRCV9007
realman-rm63,RealMan RM63,睿尔曼智能,北京,机械臂,重点候选,厂商正式报价项,厂商正式报价,https://realman-robotics.com/en/products/rml63.html,索取教育/科研正式报价、交付周期、维保和培训条款,RealMan 官方 RML63 规格页确认 6 自由度、3 kg 负载、900-917 mm 工作半径、±0.05 mm 重复定位精度和可选六维力版本；价格需厂商正式报价。,SRC028;SRCV8005
realman-rm75,RealMan RM75,睿尔曼智能,北京,机械臂,重点候选,厂商正式报价项,厂商正式报价,https://www.realman-robotics.com/en/products/rm75.html,索取教育/科研正式报价、交付周期、维保和培训条款,RealMan 官方 RM75 规格页确认 7 自由度、5 kg 负载、610-627 mm 工作半径、±0.05 mm 重复定位精度和可选六维力版本；价格需厂商正式报价。,SRC028;SRCV8006
siasun-gcr5,SIASUN GCR5,新松机器人,沈阳,机械臂,重点候选,厂商正式报价项,厂商正式报价,https://www.siasun.com/,索取教育/科研正式报价、交付周期、维保和培训条款,新松官网可确认 GCR 系列协作机器人产品线和国产厂商入口；GCR5 详细参数、价格和开发接口需厂商规格书确认。,SRCV3025;SRCV9008
dobot-cr10,DOBOT CR10,越疆机器人,深圳,机械臂,重点候选,供货状态待确认,价格不公开/需确认可供货,https://www.dobot.cn/products/cr-series/dobot-cr-series.html?lang=cn,先确认是否仍可供货，再索取配置报价,DOBOT 中文官方规格表已确认 CR 系列核心参数；发布时间和正式采购价仍未公开。,SRC022;SRCV5001
dobot-cr12,DOBOT CR12,越疆机器人,深圳,机械臂,重点候选,供货状态待确认,价格不公开/需确认可供货,https://www.dobot.cn/products/cr-series/dobot-cr-series.html?lang=cn,先确认是否仍可供货，再索取配置报价,DOBOT 中文官方规格表已确认 CR 系列核心参数；发布时间和正式采购价仍未公开。,SRC022;SRCV5001
dobot-cr16,DOBOT CR16,越疆机器人,深圳,机械臂,重点候选,供货状态待确认,价格不公开/需确认可供货,https://www.dobot.cn/products/cr-series/dobot-cr-series.html?lang=cn,先确认是否仍可供货，再索取配置报价,DOBOT 中文官方规格表已确认 CR 系列核心参数；发布时间和正式采购价仍未公开。,SRC022;SRCV5001
dobot-cr20a,DOBOT CR20A,越疆机器人,深圳,机械臂,重点候选,厂商正式报价项,厂商正式报价,https://www.dobot-robots.com/products/cra-series/cr20a.html,索取教育/科研正式报价、交付周期、维保和培训条款,DOBOT CR20A 官方规格页确认 20 kg 负载、1700 mm 工作半径、±0.05 mm 重复定位精度、IP54 和工业接口；价格需厂商正式报价。,SRC022;SRCV5001;SRCV8001
dobot-cr3,DOBOT CR3,越疆机器人,深圳,机械臂,重点候选,供货状态待确认,价格不公开/需确认可供货,https://www.dobot.cn/products/cr-series/dobot-cr-series.html?lang=cn,先确认是否仍可供货，再索取配置报价,DOBOT 中文官方规格表已确认 CR 系列核心参数；发布时间和正式采购价仍未公开。,SRC022;SRCV5001
dobot-cr5a,DOBOT CR5A,越疆机器人,深圳,机械臂,重点候选,厂商正式报价项,厂商正式报价,https://www.dobot-robots.com/products/cra-series/cra.html?lang=en%3Ftype%3D57,索取教育/科研正式报价、交付周期、维保和培训条款,DOBOT CRA 官方系列页确认 CR5A 型号、5 kg 负载、900 mm 工作半径、±0.02 mm 重复定位精度和 DobotStudio Pro 口径；价格需厂商正式报价。,SRC022;SRCV5001;SRCV8002
dobot-cr7,DOBOT CR7,越疆机器人,深圳,机械臂,重点候选,供货状态待确认,价格不公开/需确认可供货,https://www.dobot.cn/products/cr-series/dobot-cr-series.html?lang=cn,先确认是否仍可供货，再索取配置报价,DOBOT 中文官方规格表已确认 CR 系列核心参数；发布时间和正式采购价仍未公开。,SRC022;SRCV5001
dobot-nova2,DOBOT Nova 2,越疆机器人,深圳,机械臂,重点候选,厂商正式报价项,厂商正式报价,https://www.dobot-robots.com/products/nova-series/nova2.html,索取教育/科研正式报价、交付周期、维保和培训条款,DOBOT Nova 2 官方规格页确认 2 kg 负载、625 mm 工作半径、±0.05 mm 重复定位精度和 CR/Nova 软件手册入口；价格需厂商正式报价。,SRCV3001;SRCV8003
dobot-nova5,DOBOT Nova 5,越疆机器人,深圳,机械臂,重点候选,厂商正式报价项,厂商正式报价,https://www.dobot-robots.com/products/nova-series/nova5.html,索取教育/科研正式报价、交付周期、维保和培训条款,DOBOT Nova 5 官方规格页确认 5 kg 负载、850 mm 工作半径、±0.05 mm 重复定位精度和 CR/Nova 软件手册入口；价格需厂商正式报价。,SRCV3002;SRCV8004
abb-gofa-crb15000,ABB GoFa CRB 15000,ABB,瑞士/瑞典,机械臂,重点候选,厂商正式报价项,厂商正式报价,https://new.abb.com/products/robotics/robots/collaborative-robots/gofa,索取教育/科研正式报价、交付周期、维保和培训条款,ABB 官方协作机器人页确认 GoFa/YuMi 系列定位、RobotStudio/RAPID 软件生态和规格入口。,SRCV3015;SRCV4001;SRCV7006
abb-yumi-irb14000,ABB YuMi IRB 14000,ABB,瑞士/瑞典,机械臂,重点候选,厂商正式报价项,厂商正式报价,https://new.abb.com/products/robotics/robots/collaborative-robots/yumi,索取教育/科研正式报价、交付周期、维保和培训条款,ABB 官方协作机器人页确认 GoFa/YuMi 系列定位、RobotStudio/RAPID 软件生态和规格入口。,SRCV3016;SRCV4001;SRCV7006
fanuc-crx-10ia-l,FANUC CRX-10iA/L,FANUC,日本,机械臂,重点候选,厂商正式报价项,厂商正式报价,https://www.fanucamerica.com/products/robots/series/collaborative-robots,索取教育/科研正式报价、交付周期、维保和培训条款,FANUC 官方协作机器人资料确认 CRX 系列型号、负载分档、臂展和 ROBOGUIDE/控制器生态。,SRCV3019;SRCV4001;SRCV7007
fanuc-crx-25ia,FANUC CRX-25iA,FANUC,日本,机械臂,重点候选,厂商正式报价项,厂商正式报价,https://www.fanucamerica.com/products/robots/series/collaborative-robots,索取教育/科研正式报价、交付周期、维保和培训条款,FANUC 官方协作机器人资料确认 CRX 系列型号、负载分档、臂展和 ROBOGUIDE/控制器生态。,SRCV3019;SRCV4001;SRCV7007
franka-fr3,Franka Research 3,Franka Robotics,德国,机械臂,重点候选,厂商正式报价项,厂商正式报价,https://franka.de/research,索取教育/科研正式报价、交付周期、维保和培训条款,Franka 官方 Research 3 页面确认 7 自由度、3 kg 负载、855 mm 工作空间、关节力矩传感和 Franka Control Interface / ROS2 生态；价格需厂商正式报价。,SRC044;SRCV9003
kinova-gen3-lite,Kinova Gen3 Lite,Kinova,加拿大,机械臂,重点候选,厂商正式报价项,厂商正式报价,https://www.kinovarobotics.com/product/gen3-lite-robots,索取教育/科研正式报价、交付周期、维保和培训条款,Kinova 官方产品页确认 Gen3 Lite 6 自由度、约 0.5 kg 载荷、约 760 mm 伸展距离、Kortex API、ROS 和 MoveIt 生态；价格需厂商正式报价。,SRCV4003;SRCV9006
kuka-lbr-iisy,KUKA LBR iisy,KUKA,德国,机械臂,重点候选,厂商正式报价项,厂商正式报价,https://www.kuka.com/en-de/products/robotics-systems/industrial-robots/lbr-iisy,索取教育/科研正式报价、交付周期、维保和培训条款,KUKA 官方产品资料确认 LBR iisy / LBR iiwa 系列型号、负载分档和软件接口生态；价格需厂商正式报价。,SRCV3018;SRCV4001;SRCV7004
kuka-lbr-iiwa,KUKA LBR iiwa,KUKA,德国,机械臂,重点候选,厂商正式报价项,厂商正式报价,https://www.kuka.com/en-de/products/robotics-systems/industrial-robots/lbr-iiwa,索取教育/科研正式报价、交付周期、维保和培训条款,KUKA 官方产品资料确认 LBR iisy / LBR iiwa 系列型号、负载分档和软件接口生态；价格需厂商正式报价。,SRCV3017;SRCV4001;SRCV7004
xarm-5,xArm 5,UFACTORY,深圳,机械臂,重点候选,厂商正式报价项,厂商正式报价,https://www.ufactory.cc/xarm-collaborative-robot/,索取教育/科研正式报价、交付周期、维保和培训条款,UFACTORY 官方页确认 xArm 5 为 5 自由度、3 kg 负载、700 mm 工作半径、±0.1 mm 重复定位精度，并提供 ROS/ROS2/SDK 生态；价格需厂商正式报价。,SRC018;SRCV9009
ur10e,Universal Robots UR10e,Universal Robots,丹麦,机械臂,重点候选,厂商正式报价项,厂商正式报价,https://www.universal-robots.com/products/ur10e/,索取教育/科研正式报价、交付周期、维保和培训条款,Universal Robots 官方产品资料确认型号、负载、臂展和软件接口；价格仍需代理正式报价。,SRC046;SRCV4001;SRCV6001
ur12e,Universal Robots UR12e,Universal Robots,丹麦,机械臂,重点候选,厂商正式报价项,厂商正式报价,https://www.universal-robots.com/products/ur12e/,索取教育/科研正式报价、交付周期、维保和培训条款,Universal Robots 官方产品资料确认型号、负载、臂展和软件接口；价格仍需代理正式报价。,SRC046;SRCV4001;SRCV6001
ur15,Universal Robots UR15,Universal Robots,丹麦,机械臂,重点候选,厂商正式报价项,厂商正式报价,https://www.universal-robots.com/products/,索取教育/科研正式报价、交付周期、维保和培训条款,Universal Robots 官方产品资料确认型号、负载、臂展和软件接口；价格仍需代理正式报价。,SRCV4002;SRCV6001
ur16e,Universal Robots UR16e,Universal Robots,丹麦,机械臂,重点候选,厂商正式报价项,厂商正式报价,https://www.universal-robots.com/products/ur16e/,索取教育/科研正式报价、交付周期、维保和培训条款,Universal Robots 官方产品资料确认型号、负载、臂展和软件接口；价格仍需代理正式报价。,SRC046;SRCV4001;SRCV6001
ur20,Universal Robots UR20,Universal Robots,丹麦,机械臂,重点候选,厂商正式报价项,厂商正式报价,https://www.universal-robots.com/products/ur20/,索取教育/科研正式报价、交付周期、维保和培训条款,Universal Robots 官方产品资料确认型号、负载、臂展和软件接口；价格仍需代理正式报价。,SRC046;SRCV4001;SRCV6001
ur30,Universal Robots UR30,Universal Robots,丹麦,机械臂,重点候选,厂商正式报价项,厂商正式报价,https://www.universal-robots.com/products/ur30/,索取教育/科研正式报价、交付周期、维保和培训条款,Universal Robots 官方产品资料确认型号、负载、臂展和软件接口；价格仍需代理正式报价。,SRC046;SRCV4001;SRCV6001
ur3e,Universal Robots UR3e,Universal Robots,丹麦,机械臂,重点候选,厂商正式报价项,厂商正式报价,https://www.universal-robots.com/products/ur3e/,索取教育/科研正式报价、交付周期、维保和培训条款,Universal Robots 官方产品资料确认型号、负载、臂展和软件接口；价格仍需代理正式报价。,SRC046;SRCV4001;SRCV6001
ur7e,Universal Robots UR7e,Universal Robots,丹麦,机械臂,重点候选,厂商正式报价项,厂商正式报价,https://www.universal-robots.com/products/ur7e/,索取教育/科研正式报价、交付周期、维保和培训条款,Universal Robots 官方产品资料确认型号、负载、臂展和软件接口；价格仍需代理正式报价。,SRC046;SRCV4001;SRCV6001
ur8-long,Universal Robots UR8 Long,Universal Robots,丹麦,机械臂,重点候选,厂商正式报价项,厂商正式报价,https://www.universal-robots.com/products/ur8-long/,索取教育/科研正式报价、交付周期、维保和培训条款,Universal Robots 官方产品资料确认型号、负载、臂展和软件接口；价格仍需代理正式报价。,SRCV4002;SRCV6001
yaskawa-hc10dt,Yaskawa HC10DT,Yaskawa Motoman,日本,机械臂,重点候选,厂商正式报价项,厂商正式报价,https://www.motoman.com/en-us/products/robots/industrial/collaborative/hc10dt,索取教育/科研正式报价、交付周期、维保和培训条款,Yaskawa Motoman 官方资料确认 HC10DT 10 kg 负载、约 1200 mm 水平伸展、协作安全和工业控制器生态；价格需厂商正式报价。,SRCV3020;SRCV9010
limx-w1,LimX Dynamics W1,逐际动力,深圳,移动/复合机器人,市场初筛,供货状态待确认,价格不公开/需确认可供货,https://www.limxdynamics.com/en,先确认是否仍可供货，再索取配置报价,LimX 官网和历史资料可确认 W1/P1 属于逐际动力早期足式/轮足产品线；当前官网未公开可采购规格页，采购前需由厂商确认是否仍供货、正式参数和开发接口。,SRC017;SRCV8009;SRCV11001
fetch-mobile-manipulator,Fetch Mobile Manipulator,Fetch / Zebra,美国,移动/复合机器人,市场初筛,供货状态待确认,价格不公开/需确认可供货,https://www.zebra.com/us/en/products/autonomous-mobile-robots.html,先确认是否仍可供货，再索取配置报价,Fetch 已并入 Zebra，当前官网主推 AMR 产品组合；Fetch Mobile Manipulator 可作为历史科研生态项保留，但新采购支持和供货需确认。,SRCV3014;SRCV9011
mujin-truckbot,Mujin TruckBot,Mujin,日本/美国,移动/复合机器人,市场初筛,供货状态待确认,价格不公开/需确认可供货,https://mujin-corp.com/products/truckbot/,先确认是否仍可供货，再索取配置报价,Mujin 官方产品入口确认 TruckBot 物流卸货移动机器人和 Mujin Controller 系统；具体规格、价格和学校适配性需正式报价。,SRCV4009;SRCV9015
agilex-bunker-mini,AgileX Bunker Mini,松灵机器人,深圳,移动/复合机器人,重点候选,厂商正式报价项,厂商正式报价,https://global.agilex.ai/products/bunker-mini,索取教育/科研正式报价、交付周期、维保和培训条款,AgileX 官方产品页和手册入口确认底盘型号、负载分档和 ROS/SDK 资源；发布时间和正式报价需正式报价。,SRC034;SRCV7001
agilex-bunker-pro,AgileX Bunker Pro,松灵机器人,深圳,移动/复合机器人,重点候选,厂商正式报价项,厂商正式报价,https://global.agilex.ai/products/bunker-pro,索取教育/科研正式报价、交付周期、维保和培训条款,AgileX 官方页确认 BUNKER PRO 负载、续航、速度和开放 SDK 口径。,SRC034;SRCV5005
agilex-hunter-se,AgileX Hunter SE,松灵机器人,深圳,移动/复合机器人,重点候选,厂商正式报价项,厂商正式报价,https://global.agilex.ai/products/hunter-se,索取教育/科研正式报价、交付周期、维保和培训条款,AgileX 官方产品页和手册入口确认底盘型号、负载分档和 ROS/SDK 资源；发布时间和正式报价需正式报价。,SRC348;SRCV7001
agilex-limo-pro,AgileX LIMO Pro,松灵机器人,深圳,移动/复合机器人,重点候选,厂商正式报价项,厂商正式报价,https://global.agilex.ai/,索取教育/科研正式报价、交付周期、维保和培训条款,AgileX 官方产品页和手册入口确认底盘型号、负载分档和 ROS/SDK 资源；发布时间和正式报价需正式报价。,SRC034;SRCV7001
agilex-ranger-mini,AgileX Ranger Mini,松灵机器人,深圳,移动/复合机器人,重点候选,厂商正式报价项,厂商正式报价,https://global.agilex.ai/,索取教育/科研正式报价、交付周期、维保和培训条款,AgileX 官方产品页和手册入口确认底盘型号、负载分档和 ROS/SDK 资源；发布时间和正式报价需正式报价。,SRC034;SRCV7001
agilex-scout-2,AgileX Scout 2.0,松灵机器人,深圳,移动/复合机器人,重点候选,厂商正式报价项,厂商正式报价,https://global.agilex.ai/products/scout-2-0,索取教育/科研正式报价、交付周期、维保和培训条款,AgileX 官方产品页和手册入口确认底盘型号、负载分档和 ROS/SDK 资源；发布时间和正式报价需正式报价。,SRC034;SRCV7001
agilex-scout-mini,AgileX Scout Mini,松灵机器人,深圳,移动/复合机器人,重点候选,厂商正式报价项,厂商正式报价,https://global.agilex.ai/products/scout-mini,索取教育/科研正式报价、交付周期、维保和培训条款,AgileX 官方产品页和手册入口确认底盘型号、负载分档和 ROS/SDK 资源；发布时间和正式报价需正式报价。,SRC347;SRCV7001
agilex-tracer,AgileX Tracer,松灵机器人,深圳,移动/复合机器人,重点候选,厂商正式报价项,厂商正式报价,https://global.agilex.ai/pages/tracer,索取教育/科研正式报价、交付周期、维保和培训条款,AgileX 官方产品页和手册入口确认底盘型号、负载分档和 ROS/SDK 资源；发布时间和正式报价需正式报价。,SRC349;SRCV7001
galaxea-r1,Galaxea R1,银河通用,北京,移动/复合机器人,重点候选,厂商正式报价项,厂商正式报价,https://docs.galaxea-ai.com/Guide/R1Pro/hardware_introduction/R1Pro_Hardware_Introduction/,索取教育/科研正式报价、交付周期、维保和培训条款,Galaxea R1 Pro 官方文档确认 26 自由度、双臂移动平台、3.5 kg 额定单臂负载、5 kg 最大单臂负载、1680 Wh 电池和科研使用边界；价格按渠道确认。,SRC058;SRCV8017
clearpath-dingo,Clearpath Dingo,Clearpath / ROBOTIS,加拿大/韩国,移动/复合机器人,重点候选,厂商正式报价项,厂商正式报价,https://clearpathrobotics.com/dingo-indoor-mobile-robot/,索取教育/科研正式报价、交付周期、维保和培训条款,Clearpath 官方 ROS2 文档确认平台系列的 ROS2/Nav2 支持；硬件规格以各型号页和数据表为准。,SRCV4005;SRCV5007
clearpath-husky,Clearpath Husky,Clearpath / ROBOTIS,加拿大/韩国,移动/复合机器人,重点候选,厂商正式报价项,厂商正式报价,https://clearpathrobotics.com/husky-unmanned-ground-vehicle-robot/,索取教育/科研正式报价、交付周期、维保和培训条款,Clearpath 官方 ROS2 文档确认平台系列的 ROS2/Nav2 支持；硬件规格以各型号页和数据表为准。,SRC346;SRCV4001;SRCV5007
clearpath-jackal,Clearpath Jackal,Clearpath / ROBOTIS,加拿大/韩国,移动/复合机器人,重点候选,厂商正式报价项,厂商正式报价,https://clearpathrobotics.com/jackal-small-unmanned-ground-vehicle/,索取教育/科研正式报价、交付周期、维保和培训条款,Clearpath 官方 ROS2 文档确认平台系列的 ROS2/Nav2 支持；硬件规格以各型号页和数据表为准。,SRC345;SRCV4001;SRCV5007
clearpath-warthog,Clearpath Warthog,Clearpath / ROBOTIS,加拿大/韩国,移动/复合机器人,重点候选,厂商正式报价项,厂商正式报价,https://clearpathrobotics.com/warthog-unmanned-ground-vehicle-robot/,索取教育/科研正式报价、交付周期、维保和培训条款,Clearpath 官方 ROS2 文档确认平台系列的 ROS2/Nav2 支持；硬件规格以各型号页和数据表为准。,SRCV4006;SRCV5007
stretch-2,Hello Robot Stretch 2,Hello Robot,美国,移动/复合机器人,重点候选,厂商正式报价项,厂商正式报价,https://hello-robot.com/stretch-2,索取教育/科研正式报价、交付周期、维保和培训条款,Hello Robot 官方资料确认 Stretch 2 移动操作平台、ROS/ROS2、Python API 和研究生态；当前采购需按新版 Stretch 型号与厂商确认。,SRC061;SRCV9012
husarion-lynx,Husarion LYNX,Husarion,波兰,移动/复合机器人,重点候选,厂商正式报价项,厂商正式报价,https://husarion.com/manuals/lynx/,索取教育/科研正式报价、交付周期、维保和培训条款,Husarion 官方手册确认 LYNX 为 ROS 2 移动平台，具备户外/室内运行、IP54、可扩展传感器和 ROS 2 软件栈；价格需厂商正式报价。,SRCV4007;SRCV9014
husarion-panther,Husarion Panther,Husarion,波兰,移动/复合机器人,重点候选,厂商正式报价项,厂商正式报价,https://husarion.com/manuals/panther/,索取教育/科研正式报价、交付周期、维保和培训条款,Husarion 官方手册确认 Panther 负载、速度、续航和 ROS/ROS2 开源驱动。,SRCV3038;SRCV5006
kuka-kmp-600-s,KUKA KMP 600-S,KUKA,德国,移动/复合机器人,重点候选,厂商正式报价项,厂商正式报价,https://www.kuka.com/en-de/products/mobility/mobile-platforms/kmp-600-s,索取教育/科研正式报价、交付周期、维保和培训条款,KUKA 官方产品页确认 KMP 600-S 工业移动平台和 600 kg 级负载定位；价格和交付需正式报价。,SRCV3036;SRCV7004
mir100,MiR100,Mobile Industrial Robots,丹麦,移动/复合机器人,重点候选,供货状态待确认,价格不公开/需确认可供货,https://www.mobile-industrial-robots.com/solutions/robots/,先确认是否仍可供货，再索取配置报价,MiR 官方产品资料确认 AMR 负载、速度、续航和 Fleet/API 口径；发布时间和价格未公开。,SRCV3032;SRCV4001;SRCV6002
mir250,MiR250,Mobile Industrial Robots,丹麦,移动/复合机器人,重点候选,供货状态待确认,价格不公开/需确认可供货,https://www.mobile-industrial-robots.com/solutions/robots/mir250/,先确认是否仍可供货，再索取配置报价,MiR 官方产品资料确认 AMR 负载、速度、续航和 Fleet/API 口径；发布时间和价格未公开。,SRCV3033;SRCV4001;SRCV6002
mir600,MiR600,Mobile Industrial Robots,丹麦,移动/复合机器人,重点候选,供货状态待确认,价格不公开/需确认可供货,https://www.mobile-industrial-robots.com/solutions/robots/mir600/,先确认是否仍可供货，再索取配置报价,MiR 官方产品资料确认 AMR 负载、速度、续航和 Fleet/API 口径；发布时间和价格未公开。,SRCV3034;SRCV4001;SRCV6002
neobotix-mpo-700,Neobotix MPO-700,Neobotix,德国,移动/复合机器人,重点候选,厂商正式报价项,厂商正式报价,https://www.neobotix-robots.com/mobile-robots/omnidirectional-robots/mpo-700,索取教育/科研正式报价、交付周期、维保和培训条款,Neobotix 官方产品页确认 MPO-700 全向移动机器人、100 kg 级载荷、研究/工业移动平台定位和 ROS/导航接口；价格需厂商正式报价。,SRCV3037;SRCV9016
omron-ld60,OMRON LD-60,OMRON,日本,移动/复合机器人,重点候选,厂商正式报价项,厂商正式报价,https://robotics.omron.com/products/mobile-robots/ld-series/,索取教育/科研正式报价、交付周期、维保和培训条款,OMRON 官方 LD 系列页确认 LD-60/LD-90 负载、速度、续航、安全传感器和 MobilePlanner 控制接口；价格需厂商正式报价。,SRCV3035;SRCV8007
omron-ld90,OMRON LD-90,OMRON,日本,移动/复合机器人,重点候选,厂商正式报价项,厂商正式报价,https://robotics.omron.com/products/mobile-robots/ld-series/,索取教育/科研正式报价、交付周期、维保和培训条款,OMRON 官方 LD 系列页确认 LD-60/LD-90 负载、速度、续航、安全传感器和 MobilePlanner 控制接口；价格需厂商正式报价。,SRCV3035;SRCV8007
pal-arI,PAL Robotics ARI,PAL Robotics,西班牙,移动/复合机器人,重点候选,厂商正式报价项,厂商正式报价,https://pal-robotics.com/robots/ari/,索取教育/科研正式报价、交付周期、维保和培训条款,PAL 官方资料确认机器人系列、科研平台定位和 ROS 生态；负载/价格按具体配置询价。,SRC064;SRCV6003
pal-tiago-pro,PAL Robotics TIAGo Pro,PAL Robotics,西班牙,移动/复合机器人,重点候选,厂商正式报价项,厂商正式报价,https://pal-robotics.com/robots/tiago-pro/,索取教育/科研正式报价、交付周期、维保和培训条款,PAL 官方资料确认机器人系列、科研平台定位和 ROS 生态；负载/价格按具体配置询价。,SRC064;SRCV6003
robotnik-rb1-base,Robotnik RB-1 Base,Robotnik,西班牙,移动/复合机器人,重点候选,厂商正式报价项,厂商正式报价,https://robotnik.eu/products/mobile-robots/rb-1-base/,索取教育/科研正式报价、交付周期、维保和培训条款,Robotnik 官方 RB-1 Base 产品页确认移动底盘、ROS/ROS2 和可扩展接口；价格需厂商正式报价。,SRC118;SRCV5008;SRCV13001
robotnik-rb-theron,Robotnik RB-THERON,Robotnik,西班牙,移动/复合机器人,重点候选,厂商正式报价项,厂商正式报价,https://robotnik.eu/products/mobile-robots/rb-theron/,索取教育/科研正式报价、交付周期、维保和培训条款,Robotnik 官方产品页确认 RB-THERON 自主移动机器人、全向底盘、室内外导航、ROS/ROS2 和可扩展传感器/载荷接口；价格需厂商正式报价。,SRC118;SRCV9017
robotnik-summit-xl,Robotnik SUMMIT-XL,Robotnik,西班牙,移动/复合机器人,重点候选,厂商正式报价项,厂商正式报价,https://robotnik.eu/products/mobile-robots/summit-xl/,索取教育/科研正式报价、交付周期、维保和培训条款,Robotnik 官方 SUMMIT-XL 产品页确认户外移动平台、ROS/ROS2 和可扩展传感器/载荷接口；价格需厂商正式报价。,SRC118;SRCV5008;SRCV13002
kepler-forerunner,Kepler Forerunner,开普勒机器人,上海,人形机器人,市场初筛,供货状态待确认,价格不公开/需确认可供货,https://www.keplerrobotics.com/,先确认是否仍可供货，再索取配置报价,Kepler 官网确认 Forerunner 人形机器人产品线；详细规格、开放接口、价格和交付需厂商确认。,SRC060;SRCV10002
xiaomi-cyberone,Xiaomi CyberOne,小米,北京,人形机器人,市场初筛,供货状态待确认,价格不公开/需确认可供货,https://www.mi.com/global/discover/article?id=2700,先确认是否仍可供货，再索取配置报价,小米官方文章确认 CyberOne 发布和人形机器人定位，但未提供面向采购的量产规格、售价和交付信息；保留市场覆盖项。,SRCV3031;SRCV8013
robotera-xhand1,RobotEra XHand1,星动纪元,北京,人形机器人,市场初筛,供货状态待确认,价格不公开/需确认可供货,https://www.robotera.com/,先确认是否仍可供货，再索取配置报价,RobotEra 官网确认人形/灵巧操作产品线；XHand1 具体采购规格、接口和交付需厂商确认。,SRC059;SRCV10003
ubtech-walker-x,UBTECH Walker X,优必选,深圳,人形机器人,市场初筛,供货状态待确认,价格不公开/需确认可供货,https://www.ubtrobot.com/,先确认是否仍可供货，再索取配置报价,优必选官网确认 Walker 系列人形机器人和商用/展示应用，但 Walker X 面向采购的规格、价格和 SDK 仍需正式报价。,SRC052;SRCV10004
figure-02,Figure 02,Figure AI,美国,人形机器人,市场初筛,供货状态待确认,价格不公开/需确认可供货,https://www.figure.ai/,先确认是否仍可供货，再索取配置报价,Figure 官网确认 Figure 02/03 产品线和商业部署方向，但开放采购、价格和 SDK 未公开；适合市场跟踪，不宜直接作为近期学校采购重点。,SRCV3010;SRCV4001;SRCV10009
neura-4ne1,NEURA 4NE-1,NEURA Robotics,德国,人形机器人,市场初筛,供货状态待确认,价格不公开/需确认可供货,https://www.neura-robotics.com/4ne1,先确认是否仍可供货，再索取配置报价,NEURA 官方页确认 4NE-1 人形机器人产品线；详细规格、开放采购和 SDK 需厂商确认。,SRCV3029;SRCV10010
sanctuary-phoenix,Sanctuary Phoenix,Sanctuary AI,加拿大,人形机器人,市场初筛,供货状态待确认,价格不公开/需确认可供货,https://www.sanctuary.ai/phoenix,先确认是否仍可供货，再索取配置报价,Sanctuary 官方 Phoenix 页面确认通用人形机器人和 Carbon AI 控制系统；公开采购规格、价格和 SDK 未完整披露。,SRCV3028;SRCV10012
tesla-optimus,Tesla Optimus,Tesla,美国,人形机器人,市场初筛,供货状态待确认,价格不公开/需确认可供货,https://www.tesla.com/AI,先确认是否仍可供货，再索取配置报价,Tesla 官方 AI 页面确认 Optimus 项目，但暂无学校采购、价格、SDK 或正式规格入口；仅保留为市场趋势项。,SRCV3009;SRCV4001;SRCV10013
1x-neo,1X NEO,1X,挪威/美国,人形机器人,重点候选,供货状态待确认,价格不公开/需确认可供货,https://www.1x.tech/neo,先确认是否仍可供货，再索取配置报价,1X 官方 NEO 页面确认产品、订购/订阅口径和基础能力边界，但 SDK、科研开放接口和学校采购条款未公开。,SRCV3030;SRCV10001
galbot-g1,Galbot G1,银河通用,北京,人形机器人,重点候选,厂商正式报价项,厂商正式报价,https://www.galbot.com/g1,索取教育/科研正式报价、交付周期、维保和培训条款,Galbot G1 官方规格页确认 1730 mm 身高、双臂总 10 kg 负载、0-2.4 m 操作覆盖、10 h 续航、IP54 和 AGX Orin 计算平台；价格需厂商正式报价。,SRC058;SRCV8016
unitree-g1-edu,Unitree G1 EDU,宇树科技,杭州,人形机器人,重点候选,厂商正式报价项,厂商正式报价,https://www.unitree.com/g1/,索取教育/科研正式报价、交付周期、维保和培训条款,宇树官方产品资料确认型号、基础参数和 SDK/开发生态；部分科研/商业配置仍需正式询价。,SRC001;SRCV4001;SRCV6004
unitree-h1-2,Unitree H1-2,宇树科技,杭州,人形机器人,重点候选,厂商正式报价项,厂商正式报价,https://www.unitree.com/cn/h1/,索取教育/科研正式报价、交付周期、维保和培训条款,宇树 H1 官方页披露 H1-2 系列自由度、重量、电池和运动性能；教育/科研配置与价格需厂商正式报价。,SRC005;SRCV6004;SRCV13003
agibot-a2-w,AgiBot A2-W,智元机器人,上海,人形机器人,重点候选,厂商正式报价项,厂商正式报价,https://www.agibot.com/,索取教育/科研正式报价、交付周期、维保和培训条款,智元官网确认 A2/A2-W 相关产品线和人形机器人方向；详细参数、价格、SDK 和交付需厂商确认。,SRC051;SRCV10005
engineai-sa01,EngineAI SA01,众擎机器人,深圳,人形机器人,重点候选,厂商正式报价项,厂商正式报价,https://www.engineai.com.cn/product-sa01.html,索取教育/科研正式报价、交付周期、维保和培训条款,EngineAI SA01 官方页确认全开源双足平台、12 自由度、15Ah 快拆电池、2 h 级续航和教育/开发定位；价格和交付需正式报价。,SRC053;SRCV8014
engineai-se01,EngineAI SE01,众擎机器人,深圳,人形机器人,重点候选,厂商正式报价项,厂商正式报价,https://www.engineai.com.cn/product-se01,索取教育/科研正式报价、交付周期、维保和培训条款,EngineAI SE01 官方页确认全尺寸人形、拟人步态、视听感知、灵巧手、快拆电池和接口定位；精确采购参数和报价需正式报价。,SRC053;SRCV8015
agility-digit,Agility Robotics Digit,Agility Robotics,美国,人形机器人,重点候选,厂商正式报价项,厂商正式报价,https://agilityrobotics.com/robots,索取教育/科研正式报价、交付周期、维保和培训条款,Agility 官方机器人页确认 Digit 面向物流搬运和企业部署，具备箱体搬运定位和 Agility Arc 系统；价格与开放 SDK 需厂商确认。,SRCV3012;SRCV4001;SRCV10006
apptronik-apollo,Apptronik Apollo,Apptronik,美国,人形机器人,重点候选,厂商正式报价项,厂商正式报价,https://apptronik.com/apollo,索取教育/科研正式报价、交付周期、维保和培训条款,Apptronik 官方 Apollo 页面确认通用人形机器人、模块化电池和工业任务定位；价格、开放 SDK 和学校采购需正式报价。,SRCV3011;SRCV4001;SRCV10007
booster-a1,Booster A1,Booster Robotics,深圳,人形机器人,重点候选,厂商正式报价项,厂商正式报价,https://www.boosterobotics.com/,索取教育/科研正式报价、交付周期、维保和培训条款,Booster Robotics 官网确认 A1 开发者/科研教育人形平台定位；具体接口、价格和交付需按版本确认。,SRC056;SRCV10008
boston-atlas-electric,Boston Dynamics Atlas,Boston Dynamics,美国,人形机器人,重点候选,厂商正式报价项,厂商正式报价,https://bostondynamics.com/atlas/,索取教育/科研正式报价、交付周期、维保和培训条款,Boston Dynamics 官方 Atlas 页面确认电动 Atlas 项目入口，但未披露采购型规格、SDK、价格和供货参数；保留为趋势观察项。,SRCV3027;SRCV6005;SRCV13004
pal-talos,PAL Robotics TALOS,PAL Robotics,西班牙,人形机器人,重点候选,厂商正式报价项,厂商正式报价,https://pal-robotics.com/robots/talos/,索取教育/科研正式报价、交付周期、维保和培训条款,PAL 官方资料确认机器人系列、科研平台定位和 ROS 生态；负载/价格按具体配置询价。,SRC064;SRCV6003
unitree-laikago,Unitree Laikago,宇树科技,杭州,机器狗,市场初筛,供货状态待确认,价格不公开/需确认可供货,https://www.unitree.com/,先确认是否仍可供货，再索取配置报价,宇树官网当前主推 Go2/B2/A2 等新款，Laikago 作为早期历史平台需确认存量和支持状态；建议仅作历史/市场覆盖项。,SRC002;SRCV10016
limx-p1,LimX Dynamics P1,逐际动力,深圳,机器狗,市场初筛,供货状态待确认,价格不公开/需确认可供货,https://www.limxdynamics.com/en,先确认是否仍可供货，再索取配置报价,LimX 官网和历史资料可确认 W1/P1 属于逐际动力早期足式/轮足产品线；当前官网未公开可采购规格页，采购前需由厂商确认是否仍供货、正式参数和开发接口。,SRC017;SRCV8009;SRCV11001
ghost-spur,Ghost Robotics Spirit,Ghost Robotics,美国,机器狗,市场初筛,供货状态待确认,价格不公开/需确认可供货,https://www.ghostrobotics.io/,先确认是否仍可供货，再索取配置报价,Ghost 官方当前公开产品以 Vision 60 为主；Spirit/SPUR 作为旧款或历史别名缺少当前官方规格页，采购前应以 Vision 60 当前规格或厂商正式确认为准。,SRCV4008;SRCV8011;SRCV11002
rainbow-robotics-rbq,Rainbow Robotics RBQ,Rainbow Robotics,韩国,机器狗,市场初筛,供货状态待确认,价格不公开/需确认可供货,https://www.rainbow-robotics.com/,先确认是否仍可供货，再索取配置报价,Rainbow 官方入口确认机器人产品线；RBQ/RBQ-10 公开规格和学校采购口径不足，需厂商确认参数、SDK 和交付。,SRCV3007;SRCV10014
rainbow-rbq-10,Rainbow Robotics RBQ-10,Rainbow Robotics,韩国,机器狗,市场初筛,供货状态待确认,价格不公开/需确认可供货,https://www.rainbow-robotics.com/,先确认是否仍可供货，再索取配置报价,Rainbow 官方入口确认机器人产品线；RBQ/RBQ-10 公开规格和学校采购口径不足，需厂商确认参数、SDK 和交付。,SRCV3007;SRCV10014
deeprobotics-x20,DEEPRobotics 绝影 X20,云深处科技,杭州,机器狗,重点候选,厂商正式报价项,厂商正式报价,https://www.deeprobotics.cn/robot/index/product3.html,索取教育/科研正式报价、交付周期、维保和培训条款,已记录官网或产品入口；核心参数、价格或发布时间仍需继续核验。,SRC013;SRC015;SRC094;SRC095;SRC123;SRC124;SRC201;SRC202;SRC737;SRC503;SRC504;SRC1028;SRC1029;SRC1030;SRC1031;SRC454;SRC466;SRC475;SRC528;SRC529;SRC530;SRC531;SRC532;SRC533;SRC1017;SRC1018;SRC1019;SRC1020;SRC301;SRC302;SRC303;SRC304;SRC305;SRC306;SRC307;SRC308;SRC309;SRC310;SRC311;SRC317;SRC318;SRC319;SRC320;SRC321;SRC322;SRC323;SRC324;SRC335;SRC300;SRC130;SRC131;SRC132;SRC151;SRC164;SRC165;SRC166;SRC172;SRC1084;SRC1085;SRC1086;SRC1092;SRC1093;SRC1094;SRC077;SRC184;SRC1140;SRC1141;SRC1142;SRC1158;SRC1159;SRC1160;SRC1161;SRC1164;SRC1169;SRC1170;SRC1177;SRC1204;SRC1205;SRC1206;SRC1211;SRC1218;SRC1220;SRC1249;SRC1250;SRC1251;SRC1252;SRC1282;SRC1283;SRC1284;SRC1285;SRC1286;SRC1287;SRC1288;SRC1289;SRC1468;SRC1469;SRC1470;SRC1471;SRC1475;SRC1476;SRC1477;SRC1478;SRC1479;SRC1480;SRC1481;SRC1482;SRC1485;SRC1486;SRC1488;SRC1490;SRC1491;SRC1492;SRC1493;SRC1494;SRC1495;SRC1496;SRC1497;SRC1498;SRC1499;SRC1500;SRC1501;SRC1502;SRC1503;SRC1504;SRC1505;SRC1507;SRC1512;SRC1513;SRC1514;SRC1515;SRC1516;SRC1519;SRC1521;SRC1527;SRC598;SRC599;SRC600;SRC601;SRC602;SRC603;SRC604;SRC605;SRC606;SRC607;SRC608;SRC609;SRC610;SRC611;SRC612;SRC366;SRC367;SRC368;SRC369;SRC370;SRC371;SRC372;SRC373;SRC384;SRC385;SRC386;SRC387;SRC422;SRC423;SRC424;SRC634;SRC635;SRC636;SRC637;SRC638;SRC639;SRC640;SRC641;SRC642;SRC654;SRC655;SRC697;SRC698;SRC699;SRC700;SRC701;SRC702;SRC683;SRC684;SRC685;SRC686;SRC687;SRC688;SRC689;SRC690;SRC691;SRC692;SRC693;SRC694;SRC695;SRC411;SRC412;SRC413;SRC414;SRC415;SRC383;SRC396;SRC397;SRC398;SRC399;SRC401;SRC402;SRC403;SRC404;SRC405;SRC406;SRC407;SRC408;SRC428;SRC429;SRC430;SRC431;SRC432;SRC656;SRC657;SRC658;SRC749;SRC750;SRC751;SRC752;SRC753;SRC754;SRC755;SRC756;SRC757;SRC768;SRC769;SRC770;SRC772;SRC773;SRC774;SRC775;SRC779;SRC780;SRC781;SRC795;SRC796;SRC799;SRC777;SRC783;SRC790;SRC791;SRC785;SRC786;SRC818;SRC792;SRC793;SRC794;SRC814;SRC815;SRC816;SRC817;SRC819;SRC820;SRC821;SRC822;SRC823;SRC824;SRC825;SRC826;SRC827;SRC828;SRC829;SRC830;SRC831;SRC832;SRC833;SRC834;SRC835;SRC836;SRC837;SRC838;SRC839;SRC840;SRC841;SRC842;SRC843;SRC844;SRC845;SRC846;SRC847;SRC848;SRC849;SRC850;SRC851;SRC852;SRC853;SRC874;SRC875;SRC876;SRC877;SRC878;SRC879;SRC884;SRC885;SRC886;SRC887;SRC895;SRC896;SRC897;SRC900;SRC901;SRC902;SRC903;SRC905;SRC906;SRC907;SRC908;SRC909;SRC910;SRC904;SRC911;SRC912;SRC919;SRC924;SRC925;SRC926;SRC927;SRC928;SRC929;SRC930;SRC931;SRC932;SRC933;SRC934;SRC935;SRC936;SRC937;SRC938;SRC939;SRC940;SRC941;SRC942;SRC943;SRC944;SRC945;SRC946;SRC947;SRC948;SRC949;SRC950;SRC951;SRC952;SRC953;SRC954;SRC955;SRC956;SRC957;SRC958;SRC959;SRC960;SRC961;SRC962;SRC963;SRC964;SRC965;SRC966;SRC967;SRC968;SRC969;SRC970;SRC971;SRC972;SRC973;SRC974;SRC975;SRC976;SRC977;SRC978;SRC979;SRC980;SRC981;SRC982;SRC983;SRC984;SRC985;SRC987;SRC990;SRC991;SRC992;SRC998;SRC986;SRC993;SRC994;SRC995;SRC996;SRC997;SRC988;SRC989;SRC999;SRC1002;SRC1003;SRC1000;SRC1001;SRC1004;SRC1005;SRC1006;SRC1007;SRC1008;SRC1023;SRC1024;SRC1026;SRC1042;SRC1043;SRC1053;SRC1060;SRC1061;SRC1062;SRC1063;SRC1058;SRC1059;SRC1114;SRC1115;SRC1116;SRC1117;SRC1120;SRC1118;SRC1119;SRC1121;SRC1122;SRC1123;SRC1124;SRC1130;SRC1131;SRC440;SRC441;SRC442;SRC443;SRC445;SRC447;SRC448;SRC388;SRC389;SRC392;SRC393;SRC394;SRC395;SRC382;SRC390;SRC391;SRC345;SRC346;SRC347;SRC348;SRC349;SRC350;SRC1321;SRC1322;SRC1323;SRC1324;SRC1325;SRC1326;SRC1327;SRC1341;SRC1342;SRC1343;SRC1344;SRC1340;SRC1345;SRC1346;SRC1347;SRC1348;SRC1349;SRC1350;SRC1351;SRC1368;SRC1369;SRC1370;SRC1371;SRC1373;SRC1374;SRC1375;SRC1376;SRC1359;SRC1361;SRC1378;SRC1379;SRC1380;SRC1381;SRC1382;SRC1383;SRC1386;SRC1387;SRC1388;SRC1389;SRC1390;SRC1391;SRC1395;SRC1396;SRC1398;SRC1399;SRC1400;SRC1401;SRC1402;SRC1403;SRC1404;SRC1405;SRC1406;SRC1407;SRC1408;SRC1409;SRC1410;SRC1411;SRC1412;SRC1413;SRC1414;SRC1415;SRC1426;SRC1429;SRC1430;SRC1431;SRC1432;SRC1433;SRC1434;SRC1435;SRC1436;SRC1437;SRC1438;SRC1439;SRC1440;SRC1441;SRC1442;SRC1443;SRC1444;SRC1445;SRC1446;SRC1447;SRC1299;SRC1301;SRC1308;SRC1310;SRC1311;SRC365;SRC361;SRC362;SRC363;SRC364;SRC711;SRC712;SRC713;SRC727;SRC728;SRC729;SRC730;SRC731
xiaomi-cyberdog,Xiaomi CyberDog,小米,北京,机器狗,重点候选,厂商正式报价项,厂商正式报价,https://www.mi.com/cyberdog/specs,索取教育/科研正式报价、交付周期、维保和培训条款,小米官方参数页确认 CyberDog 工程探索版入口；公开资料显示为早期开发者探索机型，当前采购可得性需渠道确认。,SRC016;SRCV8012
unitree-b1,Unitree B1,宇树科技,杭州,机器狗,重点候选,厂商正式报价项,厂商正式报价,https://www.unitree.com/,索取教育/科研正式报价、交付周期、维保和培训条款,宇树官方产品资料确认型号、基础参数和 SDK/开发生态；部分科研/商业配置仍需正式询价。,SRC006;SRCV4001;SRCV6004
unitree-b2-w,Unitree B2-W,宇树科技,杭州,机器狗,重点候选,厂商正式报价项,厂商正式报价,https://www.unitree.com/b2-w/,索取教育/科研正式报价、交付周期、维保和培训条款,宇树官方产品资料确认型号、基础参数和 SDK/开发生态；部分科研/商业配置仍需正式询价。,SRC006;SRCV4001;SRCV6004
unitree-go2-edu,Unitree Go2 EDU,宇树科技,杭州,机器狗,重点候选,厂商正式报价项,Go2 EDU 需正式报价,https://www.unitree.com/go2/,索取教育/科研正式报价、交付周期、维保和培训条款,宇树官方产品资料确认型号、基础参数和 SDK/开发生态；部分科研/商业配置仍需正式询价。,SRC002;SRCV6004;SRCV12003
deeprobotics-lite3-motion,DEEPRobotics Lite3 Motion,云深处科技,杭州,机器狗,重点候选,厂商正式报价项,厂商正式报价,https://www.deeprobotics.cn/robot/index/product2.html,索取教育/科研正式报价、交付周期、维保和培训条款,云深处 Lite3 官方产品页确认 Lite3 Motion/Pro 形态、教育/开发平台定位和开发接口入口；详细配置需按 SKU 确认。,SRC011;SRCV7003
deeprobotics-lite3-pro,DEEPRobotics Lite3 Pro,云深处科技,杭州,机器狗,重点候选,厂商正式报价项,厂商正式报价,https://www.deeprobotics.cn/robot/index/product2.html,索取教育/科研正式报价、交付周期、维保和培训条款,云深处 Lite3 官方产品页确认 Lite3 Motion/Pro 形态、教育/开发平台定位和开发接口入口；详细配置需按 SKU 确认。,SRC011;SRCV7003
limx-ollie,LimX Dynamics OLI,逐际动力,深圳,机器狗,重点候选,厂商正式报价项,厂商正式报价,https://limxdynamics.com/en/oli/spec,索取教育/科研正式报价、交付周期、维保和培训条款,LimX Oli 官方规格页确认 31 自由度、约 55 kg、约 2 h 续航、单臂 3 kg 负载、传感器/API/开发工具；价格按版本询价。,SRC017;SRCV8010
anybotics-anymal-c,ANYbotics ANYmal C,ANYbotics,瑞士,机器狗,重点候选,厂商正式报价项,厂商正式报价,https://www.anybotics.com/anymal-autonomous-legged-robot/,索取教育/科研正式报价、交付周期、维保和培训条款,ANYbotics 官方技术规格确认 ANYmal 系列工业巡检四足平台、企业载荷和 API/集成接口定位；价格和交付需正式报价。,SRCV3003;SRCV4001;SRCV7002
anybotics-anymal-d,ANYbotics ANYmal D,ANYbotics,瑞士,机器狗,重点候选,厂商正式报价项,厂商正式报价,https://www.anybotics.com/anymal-autonomous-legged-robot/,索取教育/科研正式报价、交付周期、维保和培训条款,ANYbotics 官方技术规格确认 ANYmal 系列工业巡检四足平台、企业载荷和 API/集成接口定位；价格和交付需正式报价。,SRCV3003;SRCV4001;SRCV7002
anybotics-anymal-x,ANYbotics ANYmal X,ANYbotics,瑞士,机器狗,重点候选,厂商正式报价项,厂商正式报价,https://www.anybotics.com/anymal-x/,索取教育/科研正式报价、交付周期、维保和培训条款,ANYbotics 官方技术规格确认 ANYmal 系列工业巡检四足平台、企业载荷和 API/集成接口定位；价格和交付需正式报价。,SRCV3004;SRCV4001;SRCV7002
ghost-vision-60,Ghost Robotics Vision 60,Ghost Robotics,美国,机器狗,重点候选,厂商正式报价项,厂商正式报价,https://www.ghostrobotics.io/vision-60,索取教育/科研正式报价、交付周期、维保和培训条款,Ghost Robotics Vision 60 官方规格页确认 10 kg 载荷、3 h 级连续行走、IP67、NVIDIA Xavier 和 Mission Control/开放架构口径；价格需厂商正式报价。,SRCV3006;SRCV8011
